strategy,bets,wins,hit_rate,total_staked,net_profit,roi,ending_bankroll,max_drawdown
kelly,4,2,0.5,51.60953177257525,14.14046822742477,0.27398946942081853,1014.1404682274248,-17.859531772575224
flat,4,2,0.5,40.0,-1.5,-0.0375,998.5,-20.0
confidence,2,2,1.0,31.999999999999986,29.599999999999987,0.925,1029.6,0.0
